id,name,email,company,industry,tier,signup_date,engagement_score,status,nps_score,last_interaction_date
1,"Karan Rao",karan.rao@example.com,"SkillForge Academy",Retail/E-commerce,Enterprise,2026-03-07,60,Active,6,"2026-07-05 11:48:12"
2,"Divya Davis",divya.davis@example.com,RetailGenius,Retail/E-commerce,Enterprise,2026-04-06,58,Active,6,"2026-06-30 20:28:16"
3,"Michael Chakraborty",michael.chakraborty@example.com,"BioSync Healthcare",Healthcare,Enterprise,2026-01-06,65,Active,7,"2026-07-05 01:50:38"
4,"Nandini Kaur",nandini.kaur@example.com,"HealConnect Medical",Healthcare,Enterprise,2026-02-05,62,Active,6,"2026-06-30 07:42:45"
5,"Nandini Bhatia",nandini.bhatia@example.com,"MarketPulse AI",Retail/E-commerce,Enterprise,2026-03-27,59,Active,6,"2026-06-30 07:58:16"
6,"Rajesh Kapoor",rajesh.kapoor@example.com,"SkillForge Academy",Retail/E-commerce,Enterprise,2026-02-15,63,Active,6,"2026-06-30 10:31:57"
7,"Yash Das",yash.das@example.com,"MediTrack Health",Healthcare,Enterprise,2026-04-01,61,Active,6,"2026-06-23 01:12:30"
8,"Priya Mehta",priya.mehta@example.com,"DataBridge Analytics",Retail/E-commerce,Enterprise,2026-04-16,57,Active,6,"2026-06-26 04:49:48"
9,"Zara Chopra",zara.chopra@example.com,"HealConnect Medical",Healthcare,Enterprise,2026-01-16,64,Active,6,"2026-06-17 23:25:49"
10,"Vishal Yadav",vishal.yadav@example.com,RetailGenius,Retail/E-commerce,Enterprise,2026-02-25,60,Active,6,"2026-06-20 15:20:05"
11,"Ashley Mehta",ashley.mehta.0.10@skillforgeacademy.com,"SkillForge Academy",Retail/E-commerce,Enterprise,2025-07-28,72.9,Active,6.1,"2026-07-04 05:53:10"
12,"Vishal Kaur",vishal.kaur.0.11@shopvaultcommerce.com,"ShopVault Commerce",Retail/E-commerce,Enterprise,2026-05-28,81.5,Active,8.3,"2026-07-03 22:41:22"
13,"Vikram Sharma",vikram.sharma@example.com,"FinEdge Capital",Healthcare,Premium,2026-06-05,60,Active,6,"2026-07-01 12:35:30"
14,"Aryan Patel",aryan.patel@example.com,"SecureVault FinTech",Healthcare,Premium,2026-05-21,70,Active,6,"2026-06-19 10:08:59"
15,"Nisha Pillai",nishu.pillai@example.com,"CuraHealth Systems",Healthcare,Premium,2026-06-05,58,Active,6,"2026-07-04 02:47:27"
16,"Aarav Ghosh",aarav.ghosh@example.com,"LearnSphere EdTech",Healthcare,Premium,2026-06-05,65,Active,6,"2026-07-03 03:58:46"
17,"Varun Williams",varun.williams@example.com,"EduPeak Learning",Healthcare,Premium,2026-06-05,59,Active,6,"2026-07-02 00:43:39"
18,"Aarav Singh",aarav.singh@example.com,"CloudMind Systems",Healthcare,Premium,2026-06-05,62,Active,6,"2026-07-01 00:03:33"
19,"Sneha Sharma",sneha.sharma@example.com,"CuraHealth Systems",Healthcare,Premium,2026-06-05,61,Active,6,"2026-07-04 03:26:29"
20,"Nandini Garcia",nandini.garcia@example.com,"CloudMind Systems",Healthcare,Premium,2026-06-05,63,Active,6,"2026-07-04 19:22:22"
21,"Tanvi Brown",tanvi.brown@example.com,"CloudMind Systems",Healthcare,Premium,2026-06-05,64,Active,6,"2026-07-05 03:26:06"
22,"Emily Davis",emily.davis@example.com,"CloudMind Systems",Healthcare,Premium,2026-06-05,65,Active,6,"2026-07-05 01:30:13"
23,"Nisha Joshi",nishu.joshi@example.com,"FinEdge Capital",Healthcare,Premium,2026-06-05,62,Active,6,"2026-07-04 20:47:14"
24,"Zara Mehta",zara.mehta@example.com,"CloudMind Systems",Healthcare,Premium,2026-06-05,61,Active,6,"2026-06-25 07:06:02"
25,"Akash Nair",akash.nair@example.com,"CloudMind Systems",Healthcare,Premium,2026-06-05,60,Active,6,"2026-07-05 14:12:14"
26,"Yash Williams",yash.williams@example.com,"CloudMind Systems",Healthcare,Premium,2026-06-05,64,Active,6,"2026-07-03 03:30:43"
27,"Ishaan Reddy",ishaan.reddy@example.com,RetailGenius,Retail/E-commerce,Enterprise,2026-03-07,60,Active,6,"2026-06-05 14:17:14"
28,"Aditya Chopra",aditya.chopra.2.1@skillforgeacademy.com,"SkillForge Academy",Retail/E-commerce,Enterprise,2026-03-03,73,Active,6.2,"2026-06-26 14:50:15"
29,"Ishaan Verma",ishaan.verma.2.2@databridgeanalytics.com,"DataBridge Analytics",Retail/E-commerce,Enterprise,2025-10-13,63.2,Active,6.6,"2026-06-11 04:47:26"
30,"Anjali Sharma",anjali.sharma.2.3@securevaultfintech.com,"SecureVault FinTech",Retail/E-commerce,Enterprise,2025-08-06,97.3,Active,7.9,"2026-06-26 21:43:01"
31,"Sneha Joshi",sneha.joshi.2.4@finedgecapital.com,"FinEdge Capital",Retail/E-commerce,Enterprise,2025-12-11,43.9,Inactive,5.9,"2026-06-29 10:46:32"
32,"Harini Johnson",harini.johnson.2.5@edupeaklearning.com,"EduPeak Learning",Retail/E-commerce,Enterprise,2026-04-04,55.7,Inactive,6.2,"2026-06-26 08:57:26"
33,"Vishal Srivastava",vishal.srivastava.2.6@marketpulseai.com,"MarketPulse AI",Retail/E-commerce,Enterprise,2025-10-21,93.4,Active,6.3,"2026-06-25 05:12:04"
34,"Vikram Pillai",vikram.pillai.2.7@algotradefinance.com,"AlgoTrade Finance",Retail/E-commerce,Enterprise,2025-07-12,91.1,Active,8.6,"2026-06-19 22:56:52"
35,"Aditya Verma",aditya.verma.2.8@algotradefinance.com,"AlgoTrade Finance",Retail/E-commerce,Enterprise,2025-09-18,58,Active,9.6,"2026-05-31 08:29:43"
36,"Sanjay Agarwal",sanjay.agarwal.2.9@cartflowretail.com,"CartFlow Retail",Retail/E-commerce,Enterprise,2026-02-11,72.8,Active,8.4,"2026-06-01 07:28:01"
37,"Ashley Chakraborty",ashley.chakraborty.2.10@skillforgeacademy.com,"SkillForge Academy",Retail/E-commerce,Enterprise,2026-02-22,60.7,Active,9.8,"2026-07-01 12:32:33"
38,"Riya Agarwal",riya.agarwal.2.11@retailgenius.com,RetailGenius,Retail/E-commerce,Enterprise,2025-11-25,82.9,Active,9.6,"2026-06-24 04:42:11"
39,"Sarah Das",sarah.das.2.12@learnsphereedtech.com,"LearnSphere EdTech",Retail/E-commerce,Enterprise,2025-07-20,52.9,Inactive,3.4,"2026-07-05 01:31:14"
40,"Aryan Davis",aryan.davis.2.13@retailgenius.com,RetailGenius,Retail/E-commerce,Enterprise,2026-01-21,43.6,Inactive,6.6,"2026-05-07 03:52:31"
41,"Rohit Brown",rohit.brown.2.14@meditrackhealth.com,"MediTrack Health",Retail/E-commerce,Enterprise,2025-10-09,36.2,Inactive,4.6,"2026-06-19 23:16:41"
42,"Bhavna Deshpande",bhavna.deshpande.2.15@shopvaultcommerce.com,"ShopVault Commerce",Retail/E-commerce,Enterprise,2025-08-26,76.4,Active,9.6,"2026-05-24 02:51:41"
43,"Riya Miller",riya.miller.2.16@brightmindseducation.com,"BrightMinds Education",Retail/E-commerce,Enterprise,2026-04-12,78.6,Active,6.5,"2026-06-18 15:22:33"
44,"Varun Deshpande",varundeshpande@example.com,"FinEdge Capital",FinTech,Enterprise,2026-03-07,60,Active,6,"2026-06-29 18:19:34"
45,"Aarav Johnson",aaravjohnson@example.com,"CloudMind Systems",FinTech,Enterprise,2026-04-06,65,Active,7,"2026-06-14 18:35:03"
46,"Deepak Mishra",deepakmishra@example.com,RetailGenius,FinTech,Enterprise,2026-02-05,70,Active,8,"2026-07-03 11:55:01"
47,"Bhavna Miller",bhavnamiller@example.com,RetailGenius,FinTech,Enterprise,2026-03-22,68,Active,7.5,"2026-06-30 14:28:59"
48,"Nandini Mukherjee",ndmukherjee@example.com,"SecureVault FinTech",FinTech,Enterprise,2026-02-25,62,Active,6,"2026-07-02 18:07:15"
49,"Robert Reddy",robertreddy@example.com,"DataBridge Analytics",FinTech,Enterprise,2026-02-15,67,Active,8.5,"2026-06-20 23:37:14"
50,"Anjali Brown",anjalibrown@example.com,"NeuralPath AI",FinTech,Enterprise,2026-01-26,72,Active,9,"2026-06-27 08:08:16"
51,"Meera Kumar",meerakumar@example.com,"NeuralPath AI",FinTech,Enterprise,2026-03-02,69,Active,8,"2026-05-08 14:42:57"
52,"Sarah Yadav",sarahyadav@example.com,"DataBridge Analytics",FinTech,Enterprise,2026-02-20,75,Active,9.5,"2026-07-04 08:59:17"
53,"Sarah Bhatia",sarahbhatia@example.com,"SecureVault FinTech",FinTech,Enterprise,2026-02-10,68,Active,7.5,"2026-06-24 00:54:20"
54,"Meera Garcia",meeragarcia@example.com,"LearnSphere EdTech",FinTech,Enterprise,2026-03-07,70,Active,8.5,"2026-06-26 16:06:49"
55,"Ishaan Kapoor",ishaankapoor@example.com,"ShopVault Commerce",FinTech,Enterprise,2026-02-25,65,Active,7.5,"2026-07-01 23:56:48"
56,"Sachin Deshpande",sachindeshpande@example.com,"AlgoTrade Finance",FinTech,Enterprise,2026-02-15,68,Active,7.5,"2026-06-27 13:34:03"
57,"Zara Gupta",zarahgupta@example.com,"CloudMind Systems",FinTech,Enterprise,2026-02-25,72,Active,9.5,"2026-06-23 07:40:50"
58,"James Miller",jamesmiller@example.com,"CloudMind Systems",FinTech,Enterprise,2026-02-15,75,Active,9.5,"2026-07-01 21:49:43"
59,"Meera Kumar",meerakumar.0.58.1@example.com,"NeuralPath AI",FinTech,Enterprise,2026-03-02,69,Active,8.5,"2026-05-29 06:33:34"
60,"Sarah Bhatia",sarahbhatia.0.59.1@example.com,"SecureVault FinTech",FinTech,Enterprise,2026-02-10,68,Active,7.5,"2026-06-26 19:20:48"
61,"Ananya Bhatia",ananya.bhatia@example.com,"SecureVault FinTech",Retail/E-commerce,Enterprise,2026-03-07,60,Active,6,"2026-06-24 08:54:50"
62,"Jessica Rao",jessica.rao@example.com,"MarketPulse AI",Retail/E-commerce,Enterprise,2026-04-06,70,Active,6,"2026-06-23 12:12:20"
63,"Pooja Iyer",pooya.eyer@example.com,"TechNova Solutions",Retail/E-commerce,Enterprise,2026-02-15,58,Active,6,"2026-06-28 02:04:27"
64,"Pooja Mishra",pooja.mishra@example.com,"MarketPulse AI",Retail/E-commerce,Enterprise,2026-03-22,65,Active,6,"2026-07-01 03:32:43"
65,"Jessica Verma",jessica.verma@example.com,"SecureVault FinTech",Retail/E-commerce,Enterprise,2026-02-25,59,Active,6,"2026-06-28 18:19:05"
66,"Vishal Mukherjee",vishal.mukherjee@example.com,"BrightMinds Education",Retail/E-commerce,Enterprise,2026-02-05,62,Active,6,"2026-06-25 06:57:03"
67,"Farhan Malhotra",farhan.malhotra@example.com,"MarketPulse AI",Retail/E-commerce,Enterprise,2026-04-01,61,Active,6,"2026-06-16 08:44:48"
68,"Tanvi Brown",tanvi.brown.0.67.1@example.com,RetailGenius,Retail/E-commerce,Enterprise,2026-03-02,63,Active,6,"2026-05-31 22:02:22"
69,"Rajesh Agarwal",rajesh.agarwal@example.com,RetailGenius,Retail/E-commerce,Enterprise,2026-02-10,60,Active,6,"2026-06-18 13:28:29"
70,"Anjali Das",anjali.das@example.com,"BrightMinds Education",Retail/E-commerce,Enterprise,2026-02-20,58,Active,6,"2026-05-18 01:34:20"
71,"Pooja Khan",pooya.khan@example.com,"MarketPulse AI",Retail/E-commerce,Enterprise,2026-03-27,65,Active,6,"2026-06-15 14:20:48"
72,"Manav Malhotra",manav.malhotra@example.com,"MarketPulse AI",Retail/E-commerce,Enterprise,2026-01-31,62,Active,6,"2026-07-05 13:46:54"
73,"Pranav Reddy",pranav.reddy@example.com,RetailGenius,Retail/E-commerce,Enterprise,2026-04-06,61,Active,6,"2026-07-01 07:49:25"
74,"Ashley Johnson",ashley.johnson@example.com,"BrightMinds Education",Retail/E-commerce,Enterprise,2026-03-07,64,Active,6,"2026-06-12 17:48:39"
75,"Ashley Mehta",ashley.mehta@databridgeanalytics.com,"DataBridge Analytics",EdTech,Premium,2026-06-05,60,Active,6,"2026-07-05 05:45:40"
76,"John Brown",john.brown@algotradefinance.com,"AlgoTrade Finance",EdTech,Premium,2026-06-05,58,Active,6,"2026-07-03 17:56:16"
77,"Arjun Reddy",arjun.reddy@neuralpathai.com,"NeuralPath AI",EdTech,Premium,2026-06-05,70,Active,6,"2026-07-01 23:06:01"
78,"Pranav Verma",pranav.verma@finedgecapital.com,"FinEdge Capital",EdTech,Premium,2026-06-05,65,Active,6,"2026-07-03 03:03:08"
79,"Varun Iyer",varun.eyer@learnsphereedtech.com,"LearnSphere EdTech",EdTech,Premium,2026-06-05,62,Active,6,"2026-07-03 01:02:25"
80,"Tanvi Saxena",tanvi.saxena@curahealthsystems.com,"CuraHealth Systems",EdTech,Premium,2026-06-05,68,Active,6,"2026-07-01 14:46:08"
81,"Akash Kumar",akash.kumar@securevaultfintech.com,"SecureVault FinTech",EdTech,Premium,2026-06-05,72,Active,6,"2026-07-01 23:14:46"
82,"Anjali Nair",anjali.nair@meditrackhealth.com,"MediTrack Health",EdTech,Premium,2026-06-05,64,Active,6,"2026-07-05 05:54:19"
83,"Yash Verma",yash.verma@payswiftfintech.com,"PaySwift FinTech",EdTech,Premium,2026-06-05,63,Active,6,"2026-07-05 05:57:59"
84,"Nisha Brown",nishya.brown@databridgeanalytics.com,"DataBridge Analytics",EdTech,Premium,2026-06-05,67,Active,6,"2026-07-02 10:02:36"
85,"Farhan Malhotra",farhan.malhotra@algoartefinance.com,"AlgoTrade Finance",EdTech,Premium,2026-06-05,59,Active,6,"2026-07-04 01:54:47"
86,"Manav Bhatia",manav.bhatia@learnsphereedtech.com,"LearnSphere EdTech",EdTech,Premium,2026-06-05,61,Active,6,"2026-07-04 23:46:00"
87,"Varun Agarwal",varun.agarwal@meditrackhealth.com,"MediTrack Health",EdTech,Premium,2026-06-05,65,Active,6,"2026-07-04 11:04:07"
88,"Chirag Srivastava",chirag.srivastava@securevaultfintech.com,"SecureVault FinTech",EdTech,Premium,2026-06-05,71,Active,6,"2026-06-30 12:28:56"
89,"Bhavna Davis",bhavna.davis@algoartefinance.com,"AlgoTrade Finance",EdTech,Premium,2026-06-05,60,Active,6,"2026-07-04 08:10:38"
90,"Yash Verma",yash.verma.0.89.1@payswiftfintech.com,"PaySwift FinTech",EdTech,Premium,2026-06-05,63,Active,6,"2026-07-01 11:48:17"
91,"Deepak Agarwal",deepak.agarwal.5.16@securevaultfintech.com,"SecureVault FinTech",EdTech,Premium,2025-12-08,84.7,Active,8,"2026-07-05 07:16:56"
92,"Rajesh Srivastava",rajesh.srivastava@example.com,"SecureVault FinTech","AI/ML SaaS",Basic,2026-06-05,60,Active,6,"2026-07-02 14:40:13"
93,"Pranav Mishra",pranav.mishra@example.com,"TechNova Solutions","AI/ML SaaS",Basic,2026-05-26,62,Active,6,"2026-06-29 17:18:57"
94,"Chirag Deshpande",chirag.deshpande@example.com,"BioSync Healthcare","AI/ML SaaS",Basic,2026-06-05,58,Active,6,"2026-07-01 01:37:08"
95,"Divya Nair",divya.nair@example.com,"LearnSphere EdTech","AI/ML SaaS",Basic,2026-05-31,59,Active,6,"2026-06-28 00:02:20"
96,"Emily Verma",emily.verma@example.com,"PaySwift FinTech","AI/ML SaaS",Basic,2026-06-05,61,Active,6,"2026-07-03 08:14:17"
97,"Tanvi Garcia",tanvi.garcia@example.com,"LearnSphere EdTech","AI/ML SaaS",Basic,2026-06-05,57,Active,6,"2026-07-04 22:51:19"
98,"Tanvi Srivastava",tanvi.srivastava@example.com,"LearnSphere EdTech","AI/ML SaaS",Basic,2026-06-03,59,Active,6,"2026-06-29 22:47:47"
99,"John Verma",john.verma@example.com,"LearnSphere EdTech","AI/ML SaaS",Basic,2026-06-05,60,Active,6,"2026-07-01 20:06:59"
100,"John Miller",john.miller@example.com,"LearnSphere EdTech","AI/ML SaaS",Basic,2026-05-21,62,Active,6,"2026-07-04 01:06:41"
101,"John Pillai",john.pillai@example.com,"LearnSphere EdTech","AI/ML SaaS",Basic,2026-06-05,58,Active,6,"2026-07-05 03:35:53"
102,"Aarav Davis",aarav.davis@example.com,"SkillForge Academy","AI/ML SaaS",Basic,2026-06-05,61,Active,6,"2026-07-04 06:12:50"
103,"Aryan Patel",aryan.patel.0.102.1@example.com,"SkillForge Academy","AI/ML SaaS",Basic,2026-05-26,63,Active,6,"2026-07-01 22:17:46"
104,"Gaurav Mishra",gaurav.mishra@example.com,"AlgoTrade Finance","AI/ML SaaS",Basic,2026-06-05,59,Active,6,"2026-06-28 19:56:16"
105,"Karan Patel",karan.patel@example.com,"TechNova Solutions",FinTech,Free,2026-06-05,60,Active,6,"2026-06-30 10:26:42"
106,"Sneha Bhatia",sneha.bhatia@example.com,"AlgoTrade Finance",FinTech,Free,2026-05-26,62,Active,6,"2026-07-04 19:03:52"
107,"James Kumar",james.kumar@example.com,"MarketPulse AI",FinTech,Free,2026-05-31,58,Active,6,"2026-06-29 15:04:28"
108,"Aryan Kapoor",aryan.kapoor@example.com,"SkillForge Academy",FinTech,Free,2026-06-03,59,Active,6,"2026-07-05 06:51:59"
109,"Akash Chakraborty",akash.chakraborty@example.com,"LearnSphere EdTech",FinTech,Free,2026-05-24,61,Active,6,"2026-07-04 04:02:19"
110,"Nandini Deshpande",ndeshpande@example.com,"TechNova Solutions",FinTech,Free,2026-06-05,63,Active,6,"2026-06-28 15:55:55"
111,"Kavya Verma",kavya.verma@example.com,"AlgoTrade Finance",FinTech,Free,2026-05-28,57,Active,6,"2026-06-29 04:54:03"
112,"Michael Gupta",michael.gupta@example.com,"MarketPulse AI",FinTech,Free,2026-05-29,62,Active,6,"2026-07-03 00:17:10"
113,"Nisha Das",nishadas@example.com,"TechNova Solutions",FinTech,Free,2026-06-04,60,Active,6,"2026-06-29 00:48:01"
114,"Vishal Rao",vishal.rao@example.com,"MarketPulse AI",FinTech,Free,2026-05-30,59,Active,6,"2026-07-05 14:09:53"
115,"Tanvi Chopra",tanvi.chopra@example.com,"MarketPulse AI",FinTech,Free,2026-06-01,61,Active,6,"2026-07-03 08:50:01"
116,"Robert Pillai",robert.pillai@example.com,"MarketPulse AI",FinTech,Free,2026-05-27,58,Active,6,"2026-06-28 20:58:00"
117,"Nandini Ghosh",ndeshpande.0.116.1@example.com,"LearnSphere EdTech",FinTech,Free,2026-06-05,62,Active,6,"2026-07-04 20:14:35"
118,"Aditya Singh",aditya.singh@example.com,"LearnSphere EdTech",FinTech,Free,2026-05-31,60,Active,6,"2026-07-02 12:44:58"
119,"Arjun Reddy",arjun.reddy@example.com,"LearnSphere EdTech",FinTech,Free,2026-06-03,61,Active,6,"2026-06-25 11:22:01"
120,"Michael Gupta",michael.gupta.0.119.1@example.com,"MarketPulse AI",FinTech,Free,2026-05-29,62,Active,6,"2026-07-04 18:12:20"
121,"Manav Davis",manav.davis.7.16@brightmindseducation.com,"BrightMinds Education",FinTech,Free,2025-12-27,70.6,Active,7.6,"2026-05-18 03:16:39"
122,"Vikram Garcia",vikram.garcia.7.17@payswiftfintech.com,"PaySwift FinTech",FinTech,Free,2026-03-07,72.1,Active,8.3,"2026-06-27 01:39:11"
123,"Riya Saxena",riya.saxena@example.com,"TechNova Solutions",FinTech,Premium,2026-06-05,60,Active,6,"2026-07-03 09:41:21"
124,"Anjali Kumar",anjalikumar@example.com,"HealConnect Medical",Healthcare,Premium,2026-05-21,70,Active,6,"2026-06-24 01:14:26"
125,"Aarav Khan",aarav.khan@example.com,"CuraHealth Systems",Healthcare,Premium,2026-05-31,65,Active,6,"2026-06-25 20:20:26"
126,"John Agarwal",johnagarwal@example.com,RetailGenius,FinTech,Premium,2026-05-26,75,Active,8,"2026-07-04 14:01:37"
127,"James Iyer",jamesiyer@example.com,"PaySwift FinTech",FinTech,Premium,2026-06-03,68,Active,6,"2026-07-05 05:56:52"
128,"Rohit Gupta",rohitgupta@example.com,"BrightMinds Education",FinTech,Premium,2026-05-18,72,Active,6.5,"2026-06-25 01:00:10"
129,"Emily Johnson",emilyjohnson@example.com,"CloudMind Systems",FinTech,Premium,2026-05-30,78,Active,9,"2026-06-30 00:38:58"
130,"Pranav Rao",pranavrao@example.com,"AlgoTrade Finance",FinTech,Premium,2026-06-01,70,Active,6,"2026-07-04 10:09:10"
131,"Nisha Verma",nishaverma@example.com,"MarketPulse AI",FinTech,Premium,2026-05-24,75,Active,8.5,"2026-07-05 10:54:12"
132,"Manav Kumar",manavgupta@example.com,RetailGenius,FinTech,Premium,2026-05-29,68,Active,6,"2026-06-30 03:16:05"
133,"Pranav Pillai",pranavpillai@example.com,"BioSync Healthcare",Healthcare,Premium,2026-05-25,72,Active,6.5,"2026-06-16 21:04:57"
134,"Tanvi Khan",tanvikhan@example.com,RetailGenius,FinTech,Premium,2026-05-27,70,Active,6,"2026-07-02 05:18:26"
135,"Karan Verma",karanverma@example.com,RetailGenius,FinTech,Premium,2026-05-28,65,Active,6,"2026-07-03 10:08:24"
136,"Pranav Patel",pranavpatel@example.com,RetailGenius,FinTech,Premium,2026-05-23,72,Active,6.5,"2026-07-03 14:19:00"
137,"Nisha Mukherjee",nisha.mukherjee@example.com,"AlgoTrade Finance",EdTech,Enterprise,2026-03-07,60,Active,6,"2026-07-04 10:28:49"
138,"Rahul Johnson",rahul.johnson.9.1@securevaultfintech.com,"SecureVault FinTech",EdTech,Enterprise,2026-04-19,66.3,Active,6.3,"2026-07-03 16:55:50"
139,"Varun Srivastava",varun.srivastava.9.2@neuralpathai.com,"NeuralPath AI",EdTech,Enterprise,2026-02-14,61.2,Active,8.4,"2026-06-04 01:50:17"
140,"Ananya Reddy",ananya.reddy.9.3@shopvaultcommerce.com,"ShopVault Commerce",EdTech,Enterprise,2025-07-06,88.2,Active,9.5,"2026-06-22 23:23:22"
141,"Akash Mukherjee",akash.mukherjee.9.4@meditrackhealth.com,"MediTrack Health",EdTech,Enterprise,2025-12-22,71.8,Active,9.8,"2026-07-05 07:05:26"
142,"Manav Reddy",manav.reddy.9.5@biosynchealthcare.com,"BioSync Healthcare",EdTech,Enterprise,2026-01-04,94.1,Active,7.7,"2026-06-26 01:54:08"
143,"Sachin Mishra",sachin.mishra.9.6@securevaultfintech.com,"SecureVault FinTech",EdTech,Enterprise,2025-09-22,62.6,Active,8.1,"2026-06-19 00:48:23"
144,"Amanda Patel",amanda.patel.9.7@marketpulseai.com,"MarketPulse AI",EdTech,Enterprise,2025-11-15,44.8,Inactive,4.8,"2026-05-22 22:01:38"
145,"Manav Pillai",manav.pillai.9.8@technovasolutions.com,"TechNova Solutions",EdTech,Enterprise,2025-11-28,32.7,Churned,3.1,"2026-07-01 00:38:55"
146,"Tanvi Kumar",tanvi.kumar.9.9@learnsphereedtech.com,"LearnSphere EdTech",EdTech,Enterprise,2025-09-05,68.8,Active,8.9,"2026-05-28 21:58:57"
147,"Kavya Patel",kavya.patel.9.10@cloudmindsystems.com,"CloudMind Systems",EdTech,Enterprise,2025-09-29,31.3,Churned,1.3,"2026-06-11 02:24:57"
148,"Robert Yadav",robert.yadav.9.11@learnsphereedtech.com,"LearnSphere EdTech",EdTech,Enterprise,2025-08-29,66.6,Active,7.5,"2026-06-14 21:48:45"
149,"Ashley Singh",ashley.singh.9.12@finedgecapital.com,"FinEdge Capital",EdTech,Enterprise,2026-01-20,64.2,Active,6.6,"2026-06-01 20:12:17"
150,"David Kapoor",david.kapoor.9.13@curahealthsystems.com,"CuraHealth Systems",EdTech,Enterprise,2025-07-28,86.5,Active,8.4,"2026-06-15 22:33:36"
151,"Vikram Yadav",vikram.yadav.9.14@marketpulseai.com,"MarketPulse AI",EdTech,Enterprise,2025-10-13,91.7,Active,8.9,"2026-07-04 18:31:51"
152,"David Bhatia",david.bhatia.9.15@neuralpathai.com,"NeuralPath AI",EdTech,Enterprise,2025-08-04,24.2,Churned,3.4,"2026-06-29 10:55:13"
153,"Sachin Sharma",sachin.sharma.9.16@retailgenius.com,RetailGenius,EdTech,Enterprise,2026-06-04,70.4,Active,7.1,"2026-07-03 20:03:21"
154,"Meera Nair",meera.nair.9.17@algotradefinance.com,"AlgoTrade Finance",EdTech,Enterprise,2025-09-28,89.7,Active,8.7,"2026-06-14 22:01:06"
155,"James Kumar",james.kumar.9.18@learnsphereedtech.com,"LearnSphere EdTech",EdTech,Enterprise,2025-12-19,67.3,Active,7.1,"2026-05-03 05:56:29"
156,"Kavya Srivastava",kavya.srivastava.9.19@databridgeanalytics.com,"DataBridge Analytics",EdTech,Enterprise,2026-03-25,21.3,Churned,2.3,"2026-06-17 13:29:11"
157,"Lakshmi Singh",lakshmi.singh@example.com,"FinEdge Capital","AI/ML SaaS",Basic,2026-06-05,60,Active,6,"2026-06-26 22:57:11"
158,"Sneha Nair",sneha.nair@example.com,RetailGenius,"AI/ML SaaS",Basic,2026-05-21,58,Active,6,"2026-07-05 10:31:59"
159,"Farhan Kaur",farhan.kaur@example.com,"ShopVault Commerce","AI/ML SaaS",Basic,2026-05-06,56,Active,6,"2026-07-01 01:22:21"
160,"John Bhatia",john.bhatia@example.com,"AlgoTrade Finance","AI/ML SaaS",Basic,2026-06-05,59,Active,6,"2026-07-04 14:06:08"
161,"Ishaan Singh",ishaan.singh@example.com,"BrightMinds Education","AI/ML SaaS",Basic,2026-05-31,57,Active,6,"2026-07-01 11:39:03"
162,"Pranav Das",pranav.das@example.com,"EduPeak Learning","AI/ML SaaS",Basic,2026-05-26,56,Active,6,"2026-06-21 04:14:32"
163,"Meera Mishra",meera.mishra@example.com,"TechNova Solutions","AI/ML SaaS",Basic,2026-06-05,58,Active,6,"2026-07-04 21:33:04"
164,"David Das",david.das@example.com,"MediTrack Health","AI/ML SaaS",Basic,2026-05-24,56,Active,6,"2026-06-11 08:54:58"
165,"Harini Malhotra",harini.malhotra@example.com,"MarketPulse AI","AI/ML SaaS",Basic,2026-06-05,56,Active,6,"2026-07-05 00:45:21"
166,"Ananya Khan",ananya.khan@example.com,"EduPeak Learning","AI/ML SaaS",Basic,2026-05-29,56,Active,6,"2026-07-04 17:57:13"
167,"Sneha Ghosh",sneha.ghosh@example.com,"CloudMind Systems","AI/ML SaaS",Basic,2026-05-18,56,Active,6,"2026-07-02 05:56:43"
168,"Arjun Ghosh",arjun.ghosh@example.com,"FinEdge Capital",FinTech,Basic,2025-07-05,60,Active,6,"2026-05-09 09:12:38"
169,"Nisha Malhotra",nishma@example.com,"TechNova Solutions",FinTech,Basic,2025-07-05,58,Active,6,"2026-07-01 15:03:35"
170,"Aryan Gupta",arya@example.com,"PaySwift FinTech",FinTech,Basic,2025-07-05,59,Active,6,"2026-07-04 14:08:12"
171,"Nisha Mukherjee",nishu@example.com,"MarketPulse AI",FinTech,Basic,2025-07-05,57,Active,6,"2026-05-30 23:32:51"
172,"Farhan Bhatia",farhan@example.com,RetailGenius,FinTech,Basic,2025-07-05,56,Active,6,"2026-06-29 18:48:41"
173,"Manav Khan",manav@example.com,"FinEdge Capital",FinTech,Basic,2025-07-05,56,Active,6,"2026-06-09 19:51:30"
174,"Farhan Mishra",farhanm@example.com,"MarketPulse AI",FinTech,Basic,2025-07-05,56,Active,6,"2026-06-04 08:43:57"
175,"Sarah Saxena",sarah@example.com,"CloudMind Systems",FinTech,Basic,2025-07-05,56,Active,6,"2026-06-18 12:43:23"
176,"Yash Reddy",yash@example.com,"LearnSphere EdTech",FinTech,Basic,2025-07-05,56,Active,6,"2026-05-25 14:25:36"
177,"Zara Das",zara@example.com,"CloudMind Systems",FinTech,Basic,2025-07-05,56,Active,6,"2026-06-25 00:28:44"
178,"Arjun Srivastava",arjuns@example.com,"FinEdge Capital",FinTech,Basic,2025-07-05,58,Active,6,"2026-06-26 13:49:31"
179,"Karan Williams",karan@example.com,"MarketPulse AI",FinTech,Basic,2025-07-05,57,Active,6,"2026-06-15 14:06:07"
180,"Harini Srivastava",harini@example.com,"LearnSphere EdTech",FinTech,Basic,2025-07-05,56,Active,6,"2026-06-14 04:54:18"
181,"Amanda Rao",amanda@example.com,"CloudMind Systems",FinTech,Basic,2025-07-05,56,Active,6,"2026-07-04 13:45:01"
182,"Meera Khan",meera@example.com,RetailGenius,FinTech,Basic,2025-07-05,56,Active,6,"2026-07-05 06:01:42"
183,"Michael Mehta",michael@example.com,"FinEdge Capital",FinTech,Basic,2025-07-05,56,Active,6,"2026-06-30 16:27:18"
184,"Vishal Miller",vmmiller@example.com,"TechNova Solutions",FinTech,Enterprise,2026-06-05,60,Active,6,"2026-07-03 20:15:02"
185,"Anjali Verma",avverma@example.com,"CuraHealth Systems",FinTech,Enterprise,2026-01-06,65,Active,7,"2026-06-16 12:44:21"
186,"Bhavna Kaur",bkaur@example.com,"PaySwift FinTech",FinTech,Enterprise,2026-04-06,58,Active,6,"2026-06-27 00:32:19"
187,"Vishal Smith",vsmith@example.com,"LearnSphere EdTech",FinTech,Enterprise,2026-03-07,62,Active,6,"2026-06-10 07:53:31"
188,"Sachin Kaur",skaur@example.com,"BrightMinds Education",FinTech,Enterprise,2026-01-06,64,Active,6,"2026-06-12 09:51:33"
189,"Nikhil Kaur",nkaur@example.com,"AlgoTrade Finance",FinTech,Enterprise,2026-05-06,59,Active,6,"2026-06-26 13:51:55"
190,"Deepak Mukherjee",dmukherjee@example.com,"BioSync Healthcare",FinTech,Enterprise,2026-04-06,61,Active,6,"2026-06-14 17:17:16"
191,"Pooja Mishra",pmishra@example.com,"LearnSphere EdTech",FinTech,Enterprise,2026-03-07,63,Active,6,"2026-06-30 23:45:29"
192,"Anjali Chakraborty",achakraborty@example.com,"FinEdge Capital",FinTech,Enterprise,2026-01-06,65,Active,7.5,"2026-06-21 22:02:30"
193,"Vishal Mukherjee",vmukherjee@example.com,"FinEdge Capital",FinTech,Enterprise,2026-04-06,62,Active,6,"2026-07-01 22:52:10"
194,"Emily Joshi",ejoshi@example.com,"CloudMind Systems",FinTech,Enterprise,2026-03-07,60,Active,6,"2026-06-07 12:05:20"
195,"Kavya Kapoor",kkapoor@example.com,"CuraHealth Systems",FinTech,Enterprise,2026-01-06,64,Active,6,"2026-07-02 13:21:34"
196,"Vishal Singh",vshing@example.com,"FinEdge Capital",FinTech,Enterprise,2026-04-06,61,Active,6,"2026-06-16 08:52:39"
197,"Divya Das",ddas@example.com,"FinEdge Capital",FinTech,Enterprise,2026-03-07,63,Active,6,"2026-07-01 11:32:20"
198,"Jessica Nair",jessica.nair@example.com,"DataBridge Analytics","AI/ML SaaS",Enterprise,2026-06-05,60,Active,6,"2026-07-01 12:12:40"
199,"Divya Johnson",divya.johnson@example.com,"NeuralPath AI","AI/ML SaaS",Enterprise,2026-05-26,62,Active,6,"2026-07-04 03:42:03"
200,"Pranav Williams",pranav.williams@example.com,"BrightMinds Education","AI/ML SaaS",Enterprise,2026-06-05,65,Active,6,"2026-06-29 15:31:24"
201,"Nikhil Nair",nikhil.nair@example.com,"TechNova Solutions","AI/ML SaaS",Enterprise,2026-06-05,68,Active,6,"2026-06-30 22:43:08"
202,"Yash Chakraborty",yash.chakraborty@example.com,"LearnSphere EdTech","AI/ML SaaS",Enterprise,2026-06-05,63,Active,6,"2026-07-01 17:50:48"
203,"Emily Bhatia",emily.bhatia@example.com,"MarketPulse AI","AI/ML SaaS",Enterprise,2026-05-31,67,Active,6,"2026-07-01 02:10:57"
204,"David Ghosh",david.ghosh@example.com,RetailGenius,"AI/ML SaaS",Enterprise,2026-06-05,64,Active,6,"2026-06-30 08:56:22"
205,"Lakshmi Das",lakshmi.das@example.com,"MarketPulse AI","AI/ML SaaS",Enterprise,2026-06-05,69,Active,6,"2026-07-04 15:13:56"
206,"Lakshmi Saxena",lakshmi.saxena@example.com,"MarketPulse AI","AI/ML SaaS",Enterprise,2026-06-05,67,Active,6,"2026-06-26 06:54:17"
207,"Tanvi Joshi",tanvi.joshi@example.com,"PaySwift FinTech","AI/ML SaaS",Enterprise,2026-06-05,62,Active,6,"2026-07-02 16:31:06"
208,"Bhavna Patel",bhavna.patel@example.com,"SecureVault FinTech","AI/ML SaaS",Enterprise,2026-06-05,61,Active,6,"2026-06-29 01:24:07"
209,"Farhan Malhotra",farhan.malhotra.0.208.1@example.com,"HealConnect Medical","AI/ML SaaS",Enterprise,2026-06-05,65,Active,6,"2026-07-04 04:56:24"
210,"Ishaan Miller",ishaan.miller@example.com,"CartFlow Retail","AI/ML SaaS",Enterprise,2026-06-05,63,Active,6,"2026-07-04 13:13:10"
211,"Aryan Sharma",aryan.sharma@example.com,"BrightMinds Education","AI/ML SaaS",Enterprise,2026-06-05,67,Active,6,"2026-07-02 12:03:35"
212,"Aditya Nair",aditya.nair@example.com,"TechNova Solutions","AI/ML SaaS",Enterprise,2026-06-05,69,Active,6,"2026-07-03 20:27:36"
213,"Pranav Williams",pranav.williams.13.15@retailgenius.com,RetailGenius,"AI/ML SaaS",Enterprise,2025-09-21,81.9,Active,6.1,"2026-05-29 02:15:08"
214,"Aditya Srivastava",adityasrivastava@example.com,"LearnSphere EdTech","AI/ML SaaS",Basic,2026-06-05,60,Active,6,"2026-07-01 10:32:13"
215,"Aditya Malhotra",adityamalhotra@example.com,"ShopVault Commerce","AI/ML SaaS",Basic,2026-05-26,62,Active,6,"2026-06-29 19:30:30"
216,"David Khan",davidkhan@example.com,"CloudMind Systems","AI/ML SaaS",Basic,2026-06-05,58,Active,6,"2026-07-02 23:38:45"
217,"Robert Kumar",robertkumar@example.com,"AlgoTrade Finance","AI/ML SaaS",Basic,2026-06-05,57,Active,6,"2026-07-03 11:01:14"
218,"Varun Gupta",varungupta@example.com,"FinEdge Capital","AI/ML SaaS",Basic,2026-06-05,59,Active,6,"2026-07-04 02:56:26"
219,"Sneha Chakraborty",snehachakraborty@example.com,"CartFlow Retail","AI/ML SaaS",Basic,2026-06-05,56,Active,6,"2026-07-01 04:21:50"
220,"Robert Srivastava",robertsrivastava@example.com,"AlgoTrade Finance","AI/ML SaaS",Basic,2026-06-05,59,Active,6,"2026-06-29 23:01:30"
221,"Akash Garcia",akashgarcia@example.com,"CuraHealth Systems","AI/ML SaaS",Basic,2026-06-05,58,Active,6,"2026-06-27 10:38:12"
222,"Kavya Mukherjee",kavyamukherjee@example.com,"BrightMinds Education","AI/ML SaaS",Basic,2026-06-05,57,Active,6,"2026-06-30 22:24:51"
223,"Rahul Nair",rahulan@example.com,RetailGenius,"AI/ML SaaS",Basic,2026-06-05,56,Active,6,"2026-07-05 09:54:40"
224,"David Khan",davidkhan.0.223.1@example.com,"CloudMind Systems","AI/ML SaaS",Basic,2026-06-05,48,Inactive,2.5,"2026-06-27 13:00:44"
225,"Yash Das",yashdas@example.com,"BrightMinds Education","AI/ML SaaS",Basic,2026-06-05,45,Inactive,2.3,"2026-07-04 13:11:45"
226,"Varun Johnson",varunjohnson@example.com,"BioSync Healthcare","AI/ML SaaS",Basic,2026-06-05,43,Inactive,2.1,"2026-07-02 13:00:59"
227,"Robert Yadav",robertyadav@example.com,"AlgoTrade Finance","AI/ML SaaS",Basic,2026-06-05,42,Inactive,2,"2026-06-26 06:55:26"
228,"Karan Reddy",karan.reddy@example.com,"CuraHealth Systems",Healthcare,Premium,2026-06-05,60,Active,6,"2026-07-01 06:56:35"
229,"Arjun Brown",arjun.brown.15.1@payswiftfintech.com,"PaySwift FinTech",Healthcare,Premium,2026-01-01,60.5,Inactive,6.1,"2026-07-01 14:56:44"
230,"John Brown",john.brown.15.2@databridgeanalytics.com,"DataBridge Analytics",Healthcare,Premium,2025-10-18,72.3,Active,8.1,"2026-06-01 14:07:17"
231,"Akash Srivastava",akash.srivastava.15.3@skillforgeacademy.com,"SkillForge Academy",Healthcare,Premium,2025-11-22,66.9,Active,6.1,"2026-06-26 11:01:43"
232,"Aditya Joshi",aditya.joshi.15.4@biosynchealthcare.com,"BioSync Healthcare",Healthcare,Premium,2026-03-18,89.6,Active,6.9,"2026-06-29 08:40:56"
233,"Gaurav Mishra",gaurav.mishra.15.5@algotradefinance.com,"AlgoTrade Finance",Healthcare,Premium,2025-07-29,66.7,Active,6.1,"2026-06-29 20:24:34"
234,"Sanjay Davis",sanjay.davis.15.6@databridgeanalytics.com,"DataBridge Analytics",Healthcare,Premium,2025-12-16,39.6,Churned,1.1,"2026-06-23 01:59:15"
235,"Sneha Chopra",sneha.chopra.15.7@learnsphereedtech.com,"LearnSphere EdTech",Healthcare,Premium,2026-05-11,51.2,Inactive,4.8,"2026-07-05 04:05:46"
236,"Arjun Davis",arjun.davis.15.8@skillforgeacademy.com,"SkillForge Academy",Healthcare,Premium,2025-09-02,67.8,Active,7,"2026-06-17 04:24:16"
237,"Gaurav Bhatia",gaurav.bhatia.15.9@databridgeanalytics.com,"DataBridge Analytics",Healthcare,Premium,2025-12-13,61.1,Active,9.4,"2026-05-08 23:37:15"
238,"Emily Mehta",emily.mehta.15.10@biosynchealthcare.com,"BioSync Healthcare",Healthcare,Premium,2026-01-31,86.6,Active,6,"2026-06-13 10:04:39"
239,"Aryan Sharma",aryan.sharma.15.11@cartflowretail.com,"CartFlow Retail",Healthcare,Premium,2026-04-08,84.2,Active,6.3,"2026-06-07 12:09:41"
240,"Lakshmi Reddy",lakshmi.reddy.15.12@cartflowretail.com,"CartFlow Retail",Healthcare,Premium,2025-09-12,60.5,Active,6.4,"2026-07-05 08:55:24"
241,"Nisha Malhotra",nisha.malhotra.15.13@biosynchealthcare.com,"BioSync Healthcare",Healthcare,Premium,2026-03-11,95.1,Active,8.6,"2026-06-01 07:07:52"
242,"Sneha Khan",sneha.khan.15.14@databridgeanalytics.com,"DataBridge Analytics",Healthcare,Premium,2026-06-03,59.1,Active,8.3,"2026-07-05 06:08:03"
243,"Arjun Mishra",arjun.mishra.15.15@biosynchealthcare.com,"BioSync Healthcare",Healthcare,Premium,2026-03-08,88.2,Active,7.8,"2026-06-20 20:24:33"
244,"David Smith",david.smith.15.16@learnsphereedtech.com,"LearnSphere EdTech",Healthcare,Premium,2026-02-18,29.4,Churned,0.8,"2026-06-20 22:12:26"
245,"Aryan Brown",aryan.brown.15.17@payswiftfintech.com,"PaySwift FinTech",Healthcare,Premium,2026-02-19,80.2,Active,9,"2026-07-03 11:21:12"
246,"Emily Miller",emily.miller.15.18@securevaultfintech.com,"SecureVault FinTech",Healthcare,Premium,2025-08-19,85.5,Active,8.5,"2026-07-02 17:17:10"
247,"Pooja Mishra",pooja.mishra.15.19@meditrackhealth.com,"MediTrack Health",Healthcare,Premium,2026-02-12,60.9,Inactive,6.7,"2026-05-19 01:46:14"
248,"Aditya Davis",aditya.davis@securevaultfintech.com,"SecureVault FinTech",EdTech,Premium,2026-06-05,60,Active,6,"2026-06-27 14:44:28"
249,"Arjun Davis",arjun.davis.16.1@payswiftfintech.com,"PaySwift FinTech",EdTech,Premium,2025-11-13,32.6,Churned,0.2,"2026-07-04 12:17:02"
250,"Chirag Saxena",chirag.saxena.16.2@databridgeanalytics.com,"DataBridge Analytics",EdTech,Premium,2025-07-27,57.3,Inactive,3.8,"2026-06-08 20:13:19"
251,"Deepak Rao",deepak.rao.16.3@marketpulseai.com,"MarketPulse AI",EdTech,Premium,2025-07-12,89.5,Active,7.8,"2026-06-27 05:04:44"
252,"Nikhil Mehta",nikhil.mehta.16.4@marketpulseai.com,"MarketPulse AI",EdTech,Premium,2025-10-07,71.8,Active,7.5,"2026-07-04 02:19:39"
253,"Nisha Agarwal",nisha.agarwal.16.5@brightmindseducation.com,"BrightMinds Education",EdTech,Premium,2025-09-21,51.4,Inactive,5.5,"2026-05-14 02:38:43"
254,"Ishaan Smith",ishaan.smith.16.6@neuralpathai.com,"NeuralPath AI",EdTech,Premium,2025-09-25,42,Churned,2.8,"2026-06-18 12:54:59"
255,"Sneha Reddy",sneha.reddy.16.7@finedgecapital.com,"FinEdge Capital",EdTech,Premium,2026-02-07,73.2,Active,7.6,"2026-07-04 04:57:24"
256,"Meera Mukherjee",meera.mukherjee.16.8@curahealthsystems.com,"CuraHealth Systems",EdTech,Premium,2025-11-28,71.3,Active,6.1,"2026-06-28 20:50:44"
257,"Pranav Joshi",pranav.joshi.16.9@learnsphereedtech.com,"LearnSphere EdTech",EdTech,Premium,2026-04-14,41.1,Inactive,5.1,"2026-07-05 06:07:51"
258,"Aryan Nair",aryan.nair.16.10@healconnectmedical.com,"HealConnect Medical",EdTech,Premium,2026-02-10,97.7,Active,7.1,"2026-06-01 12:25:13"
259,"Zara Kapoor",zara.kapoor.16.11@cartflowretail.com,"CartFlow Retail",EdTech,Premium,2026-03-25,38.2,Churned,0.9,"2026-06-28 23:28:58"
260,"Yash Khan",yash.khan.16.12@meditrackhealth.com,"MediTrack Health",EdTech,Premium,2026-03-12,27.9,Churned,0.2,"2026-06-16 19:40:16"
261,"Emily Chopra",emily.chopra.16.13@healconnectmedical.com,"HealConnect Medical",EdTech,Premium,2025-08-10,60.3,Active,9.6,"2026-05-15 18:40:40"
262,"Sarah Nair",sarah.nair.16.14@marketpulseai.com,"MarketPulse AI",EdTech,Premium,2025-07-12,40.6,Inactive,5.1,"2026-06-24 23:35:55"
263,"Sanjay Davis",sanjay.davis.16.15@brightmindseducation.com,"BrightMinds Education",EdTech,Premium,2026-04-05,41.3,Inactive,4,"2026-06-23 16:51:35"
264,"Pranav Miller",pranav.miller.16.16@cloudmindsystems.com,"CloudMind Systems",EdTech,Premium,2025-08-20,79.7,Active,8.1,"2026-04-11 18:28:24"
265,"David Ghosh",david.ghosh.16.17@cartflowretail.com,"CartFlow Retail",EdTech,Premium,2025-12-11,63.5,Inactive,4.1,"2026-05-07 02:47:57"
266,"Gaurav Malhotra",gaurav.malhotra.16.18@skillforgeacademy.com,"SkillForge Academy",EdTech,Premium,2025-11-01,80.4,Active,7.6,"2026-07-02 05:03:01"
267,"Robert Mishra",robert.mishra@example.com,"BrightMinds Education",FinTech,Free,2026-06-05,60,Active,6,"2026-06-30 02:37:49"
268,"Ishaan Kumar",ishaan.kumar@example.com,"CuraHealth Systems",FinTech,Free,2026-05-21,58,Active,6,"2026-06-30 21:35:16"
269,"Zara Reddy",zara.reddy@example.com,"SkillForge Academy",FinTech,Free,2026-06-05,65,Active,6,"2026-07-04 12:29:35"
270,"Amanda Mukherjee",amanda.mukherjee@example.com,RetailGenius,FinTech,Free,2026-05-31,59,Active,6,"2026-06-26 05:39:26"
271,"Pranav Davis",pranav.davis@example.com,"DataBridge Analytics",FinTech,Free,2026-05-26,62,Active,6,"2026-06-29 12:44:28"
272,"Divya Kumar",divya.kumar@example.com,"SecureVault FinTech",FinTech,Free,2026-06-03,61,Active,6,"2026-06-26 04:01:03"
273,"Divya Brown",divya.brown@example.com,"NeuralPath AI",FinTech,Free,2026-06-05,63,Active,6,"2026-07-04 15:47:58"
274,"Nisha Reddy",nishu.reddy@example.com,"CloudMind Systems",FinTech,Free,2026-06-04,64,Active,6,"2026-07-03 21:26:02"
275,"Kavya Bhatia",kavya.bhatia@example.com,"DataBridge Analytics",FinTech,Free,2026-06-05,65,Active,6,"2026-06-28 16:00:11"
276,"Lakshmi Reddy",lakshmi.reddy@example.com,"ShopVault Commerce",FinTech,Free,2026-05-25,62,Active,6,"2026-07-04 09:05:45"
277,"Jessica Miller",jessica.miller@example.com,"SecureVault FinTech",FinTech,Free,2026-05-29,61,Active,6,"2026-07-05 11:05:41"
278,"Vikram Agarwal",vikram.agarwal@example.com,"SkillForge Academy",FinTech,Free,2026-06-05,63,Active,6,"2026-06-28 17:19:56"
279,"Farhan Khan",farhan.khan@example.com,"DataBridge Analytics",FinTech,Free,2026-05-21,62,Active,6,"2026-06-24 12:21:38"
280,"Vikram Gupta",vikram.gupta@example.com,"NeuralPath AI",FinTech,Free,2026-06-05,64,Active,6,"2026-07-02 22:16:09"
281,"Rohit Reddy",rohit@example.com,"LearnSphere EdTech",EdTech,Free,2026-06-05,60,Active,6,"2026-06-30 17:27:24"
282,"Tanvi Mishra",tanvi@example.com,"ShopVault Commerce",EdTech,Free,2026-05-21,58,Active,6,"2026-06-29 16:28:48"
283,"John Srivastava",john@example.com,"PaySwift FinTech",FinTech,Free,2026-05-16,62,Active,6,"2026-06-26 06:10:50"
284,"David Singh",david@example.com,"MediTrack Health",Healthcare,Free,2026-05-26,59,Active,6,"2026-07-01 11:17:00"
285,"Divya Malhotra",divya@example.com,"MarketPulse AI",EdTech,Free,2026-05-31,65,Active,6,"2026-07-03 13:19:14"
286,"Sneha Kumar",sneha@example.com,"EduPeak Learning",EdTech,Free,2026-05-24,57,Active,6,"2026-07-05 09:44:10"
287,"Sneha Ghosh",sneha.0.286.1@example.com,"MarketPulse AI",EdTech,Free,2026-05-28,63,Active,6,"2026-07-02 16:36:59"
288,"Harini Sharma",harini.0.287.1@example.com,"CloudMind Systems",EdTech,Free,2026-05-18,61,Active,6,"2026-06-29 01:30:58"
289,"Rohit Verma",rohit.0.288.1@example.com,"MarketPulse AI",EdTech,Free,2026-06-03,64,Active,6,"2026-07-04 05:05:30"
290,"Tanvi Iyer",tanvi.0.289.1@example.com,"MarketPulse AI",EdTech,Free,2026-05-25,60,Active,6,"2026-06-22 14:06:34"
291,"Ishaan Verma",ishaan@example.com,"MarketPulse AI",EdTech,Free,2026-05-27,62,Active,6,"2026-07-05 11:29:24"
292,"Karan Ghosh",karan.0.291.1@example.com,"CuraHealth Systems",Healthcare,Free,2026-05-23,58,Active,6,"2026-07-01 05:47:08"
293,"Gaurav Pillai",gaurav@example.com,"FinEdge Capital",EdTech,Free,2026-05-29,61,Active,6,"2026-07-01 09:29:48"
294,"Farhan Ghosh",farhan.0.293.1@example.com,"FinEdge Capital",EdTech,Free,2026-05-21,60,Active,6,"2026-06-26 14:48:39"
295,"Meera Mukherjee",meera.mukherjee@example.com,"EduPeak Learning",FinTech,Basic,2026-06-05,60,Active,6,"2026-07-04 04:22:42"
296,"Zara Verma",zara.verma@example.com,"SkillForge Academy",FinTech,Basic,2026-05-21,58,Active,6,"2026-07-05 06:18:00"
297,"Nisha Patel","nish patel@example.com","MarketPulse AI",FinTech,Basic,2026-05-16,62,Active,6,"2026-07-04 14:49:21"
298,"Yash Brown",yash.brown@example.com,"CloudMind Systems",FinTech,Basic,2026-05-31,59,Active,6,"2026-07-04 03:51:05"
299,"Pooja Srivastava","pooya srivastava@example.com","SecureVault FinTech",FinTech,Basic,2026-05-24,61,Active,6,"2026-06-24 22:24:32"
300,"Yash Khan",yash.khan@example.com,"SkillForge Academy",FinTech,Basic,2026-05-18,63,Active,6,"2026-07-04 12:03:49"
301,"Akash Khan",akash.khan@example.com,"SkillForge Academy",FinTech,Basic,2026-05-14,65,Active,6,"2026-07-04 06:30:36"
302,"Priya Smith",priya.smith@example.com,"EduPeak Learning",FinTech,Basic,2026-05-28,57,Active,6,"2026-07-05 04:46:15"
303,"Gaurav Chopra",gaurav.chopra@example.com,"EduPeak Learning",FinTech,Basic,2026-05-11,64,Active,6,"2026-07-05 01:04:55"
304,"Ananya Nair",ananya.nair@example.com,"SkillForge Academy",FinTech,Basic,2026-05-26,60,Active,6,"2026-07-03 13:10:27"
305,"Deepak Pillai",deepak.pillai@example.com,RetailGenius,FinTech,Basic,2026-06-03,58,Active,6,"2026-07-03 00:11:07"
306,"Akash Davis",akash.davis@example.com,"SkillForge Academy",FinTech,Basic,2026-05-19,62,Active,6,"2026-07-03 14:09:53"
307,"Varun Williams",varun.williams.0.306.1@example.com,"SkillForge Academy",FinTech,Basic,2026-05-23,61,Active,6,"2026-06-26 23:34:32"
308,"Varun Chakraborty",varun.chakraborty@example.com,"SkillForge Academy",FinTech,Basic,2026-05-15,63,Active,6,"2026-06-25 08:51:09"
309,"John Johnson",john.johnson@example.com,"ShopVault Commerce",Retail/E-commerce,Premium,2026-06-05,60,Active,6,"2026-07-05 04:48:20"
310,"Zara Joshi",zara.joshi@example.com,"CloudMind Systems",Retail/E-commerce,Premium,2026-06-05,62,Active,6,"2026-07-05 03:50:15"
311,"Sneha Garcia",sneha.garcia@example.com,"TechNova Solutions",Retail/E-commerce,Premium,2026-06-05,65,Active,6,"2026-06-25 16:18:27"
312,"Sanjay Brown",sanjay.brown@example.com,RetailGenius,Retail/E-commerce,Premium,2026-06-05,68,Active,6,"2026-07-04 00:21:43"
313,"Sneha Bhatia",sneha.bhatia.0.312.1@example.com,"EduPeak Learning",Retail/E-commerce,Premium,2026-06-05,63,Active,6,"2026-07-05 08:23:51"
314,"Pranav Das",pranav.das.0.313.1@example.com,"SkillForge Academy",Retail/E-commerce,Premium,2026-06-05,67,Active,6,"2026-07-04 11:43:17"
315,"Pranav Gupta",pranav.gupta@example.com,"AlgoTrade Finance",Retail/E-commerce,Premium,2026-06-05,64,Active,6,"2026-07-03 11:41:42"
316,"Aditya Williams",aditya.williams@example.com,"AlgoTrade Finance",Retail/E-commerce,Premium,2026-06-05,69,Active,6,"2026-06-30 14:15:07"
317,"Ananya Srivastava",ananya.srivastava@example.com,"TechNova Solutions",Retail/E-commerce,Premium,2026-06-05,61,Active,6,"2026-07-05 13:17:16"
318,"Aarav Mukherjee",aarav.mukherjee@example.com,"CloudMind Systems",Retail/E-commerce,Premium,2026-06-05,63,Active,6,"2026-07-05 06:29:15"
319,"Divya Davis",divya.davis.0.318.1@example.com,RetailGenius,Retail/E-commerce,Premium,2026-06-05,65,Active,6,"2026-07-03 09:13:01"
320,"Deepak Rao",deepak.rao@example.com,"AlgoTrade Finance",Retail/E-commerce,Premium,2026-06-05,62,Active,6,"2026-07-02 07:08:05"
321,"Tanvi Chopra",tanvi.chopra.0.320.1@example.com,"CloudMind Systems",Retail/E-commerce,Premium,2026-06-05,64,Active,6,"2026-07-04 17:13:09"
322,"Harini Saxena",harini.saxena@example.com,"TechNova Solutions",Retail/E-commerce,Premium,2026-06-05,67,Active,6,"2026-07-03 01:51:36"
323,"Chirag Bhatia",chirag.bhatia@example.com,"CloudMind Systems",Retail/E-commerce,Premium,2026-06-05,65,Active,6,"2026-07-01 16:20:27"
324,"Yash Johnson",yash.johnson@example.com,"CuraHealth Systems",EdTech,Basic,2026-06-05,60,Active,6,"2026-07-05 08:25:30"
325,"Meera Sharma",meera.sharma@example.com,"SkillForge Academy",EdTech,Basic,2026-05-26,58,Active,6,"2026-06-27 09:14:06"
326,"Ashley Mishra",ashley.mishra@example.com,"FinEdge Capital",EdTech,Basic,2026-05-31,56,Active,6,"2026-07-03 14:27:07"
327,"Amanda Kaur",amanda.kaur@example.com,"SkillForge Academy",EdTech,Basic,2026-06-05,59,Active,6,"2026-06-29 00:03:30"
328,"Aryan Bhatia",aryan.bhatia@example.com,"NeuralPath AI",EdTech,Basic,2026-06-03,62,Active,7,"2026-06-29 14:16:35"
329,"Nisha Nair",nishanair@example.com,"CloudMind Systems",EdTech,Basic,2026-05-28,57,Active,6,"2026-07-04 18:17:28"
330,"Nisha Yadav",nishya@example.com,"MarketPulse AI",EdTech,Basic,2026-06-05,56,Active,6,"2026-06-28 21:06:05"
331,"Varun Chakraborty",varunch@example.com,"AlgoTrade Finance",EdTech,Basic,2026-06-04,56,Active,6,"2026-07-01 20:14:34"
332,"Nikhil Srivastava",nikhil.s@example.com,"NeuralPath AI",EdTech,Basic,2026-06-01,58,Active,6.2,"2026-07-02 23:01:01"
333,"Nandini Mukherjee",nandini@example.com,"CloudMind Systems",EdTech,Basic,2026-06-05,59,Active,7.1,"2026-07-05 09:48:44"
334,"Deepak Agarwal",deepak.ag@example.com,"FinEdge Capital",EdTech,Basic,2026-05-29,56,Active,6,"2026-06-30 22:11:08"
335,"Riya Saxena",riyasax@example.com,"SkillForge Academy",EdTech,Basic,2026-06-05,56,Active,6,"2026-07-02 05:22:14"
336,"Nisha Agarwal",nishagar@example.com,"NeuralPath AI",EdTech,Basic,2026-05-30,57,Active,6,"2026-07-05 12:36:40"
337,"Jessica Johnson",jessica@example.com,"NeuralPath AI",FinTech,Free,2025-07-05,60,Active,6,"2026-07-04 05:45:01"
338,"Ishaan Pillai",ishaan.pillai.22.1@finedgecapital.com,"FinEdge Capital",FinTech,Free,2025-12-15,67.3,Active,8.2,"2026-06-16 19:49:20"
339,"Riya Ghosh",riya.ghosh.22.2@curahealthsystems.com,"CuraHealth Systems",FinTech,Free,2025-11-19,54,Inactive,5.6,"2026-06-25 23:49:31"
340,"Michael Mukherjee",michael.mukherjee.22.3@cloudmindsystems.com,"CloudMind Systems",FinTech,Free,2026-04-03,93.8,Active,9.9,"2026-07-05 14:04:36"
341,"Kavya Deshpande",kavya.deshpande.22.4@edupeaklearning.com,"EduPeak Learning",FinTech,Free,2026-02-27,89.4,Active,6.1,"2026-07-03 03:54:18"
342,"Amanda Davis",amanda.davis.22.5@skillforgeacademy.com,"SkillForge Academy",FinTech,Free,2025-10-16,77.5,Active,7,"2026-06-08 02:39:46"
343,"Ishaan Reddy",ishaan.reddy.22.6@meditrackhealth.com,"MediTrack Health",FinTech,Free,2025-08-27,42.2,Inactive,4.2,"2026-05-07 04:02:47"
344,"Divya Mehta",divya.mehta.22.7@healconnectmedical.com,"HealConnect Medical",FinTech,Free,2025-12-24,72.7,Active,8.3,"2026-06-30 10:46:18"
345,"Anjali Kumar",anjali.kumar.22.8@shopvaultcommerce.com,"ShopVault Commerce",FinTech,Free,2025-10-16,96.2,Active,7.7,"2026-06-30 06:04:25"
346,"Aarav Srivastava",aarav.srivastava.22.9@skillforgeacademy.com,"SkillForge Academy",FinTech,Free,2026-03-11,78.3,Active,6.9,"2026-06-24 14:30:07"
347,"Tanvi Kumar",tanvi.kumar.22.10@securevaultfintech.com,"SecureVault FinTech",FinTech,Free,2025-07-24,90.4,Active,8.9,"2026-04-08 22:59:23"
348,"Zara Das",zara.das.22.11@payswiftfintech.com,"PaySwift FinTech",FinTech,Free,2025-07-23,64.2,Active,6.2,"2026-06-23 16:20:48"
349,"Varun Srivastava",varun.srivastava.22.12@securevaultfintech.com,"SecureVault FinTech",FinTech,Free,2026-03-19,79.8,Active,9.2,"2026-06-30 11:17:28"
350,"Lakshmi Johnson",lakshmi.johnson.22.13@databridgeanalytics.com,"DataBridge Analytics",FinTech,Free,2025-09-30,81.2,Active,8.6,"2026-07-05 08:26:49"
351,"Riya Kaur",riya.kaur.22.14@cloudmindsystems.com,"CloudMind Systems",FinTech,Free,2025-07-20,65.6,Active,6.1,"2026-06-22 18:35:22"
352,"Divya Joshi",divya.joshi.22.15@neuralpathai.com,"NeuralPath AI",FinTech,Free,2026-03-25,93.2,Active,6.3,"2026-07-04 06:06:15"
353,"Nandini Das",nandini.das.22.16@curahealthsystems.com,"CuraHealth Systems",FinTech,Free,2026-03-15,39.1,Churned,1.4,"2026-07-04 17:27:43"
354,"Lakshmi Srivastava",lakshmi.srivastava.22.17@learnsphereedtech.com,"LearnSphere EdTech",FinTech,Free,2025-08-19,39.9,Inactive,6.9,"2026-06-21 17:31:39"
355,"Tanvi Johnson",tanvi.johnson.22.18@skillforgeacademy.com,"SkillForge Academy",FinTech,Free,2026-01-07,96.2,Active,6,"2026-05-12 22:09:21"
356,"Zara Johnson",zara.johnson.22.19@databridgeanalytics.com,"DataBridge Analytics",FinTech,Free,2026-05-06,74,Active,6.8,"2026-06-24 07:46:32"
357,"Emily Mukherjee",emily.mukherjee@example.com,"CartFlow Retail",Retail/E-commerce,Premium,2026-06-05,60,Active,6,"2026-07-03 18:08:46"
358,"Vikram Garcia",vikram.garcia@example.com,"ShopVault Commerce",Retail/E-commerce,Premium,2026-05-21,70,Active,6,"2026-07-04 12:54:28"
359,"Kavya Pillai",kavya.pillai@example.com,"CloudMind Systems",Retail/E-commerce,Premium,2026-05-06,58,Active,6,"2026-07-01 20:46:20"
360,"John Joshi",john.joshi@example.com,"MarketPulse AI",Retail/E-commerce,Premium,2026-05-31,65,Active,6,"2026-07-05 10:27:06"
361,"Chirag Srivastava",chirag.srivastava@example.com,"EduPeak Learning",Retail/E-commerce,Premium,2026-05-26,59,Active,6,"2026-07-02 05:48:14"
362,"Harini Yadav",harini.yadav@example.com,"LearnSphere EdTech",Retail/E-commerce,Premium,2026-05-21,62,Active,6,"2026-07-03 19:54:24"
363,"Ashley Deshpande",ashley.deshpande@example.com,"SkillForge Academy",Retail/E-commerce,Premium,2026-05-28,61,Active,6,"2026-07-05 03:26:41"
364,"Deepak Johnson",deepak.johnson@example.com,"MediTrack Health",Retail/E-commerce,Premium,2026-06-03,64,Active,6,"2026-07-02 23:11:15"
365,"Sarah Singh",sarah.singh@example.com,"NeuralPath AI",Retail/E-commerce,Premium,2026-06-05,63,Active,6,"2026-06-27 00:35:41"
366,"Sanjay Patel",sanjay.patel@example.com,"ShopVault Commerce",Retail/E-commerce,Premium,2026-05-19,62,Active,6,"2026-06-28 17:29:23"
367,"Ishaan Saxena",ishaan.saxena@example.com,"NeuralPath AI",Retail/E-commerce,Premium,2026-06-05,67,Active,6,"2026-06-27 23:27:44"
368,"Ishaan Agarwal",ishaan.agarwal@example.com,"NeuralPath AI",Retail/E-commerce,Premium,2026-06-03,65,Active,6,"2026-07-03 23:54:14"
369,"Sachin Garcia",sgarcia@example.com,"PaySwift FinTech",FinTech,Free,2026-06-05,60,Active,6,"2026-07-04 06:37:06"
370,"Manav Saxena",msaxena@example.com,"CloudMind Systems",FinTech,Free,2026-05-21,58,Active,6,"2026-07-02 02:35:53"
371,"Pranav Mukherjee",pmukherjee@example.com,"ShopVault Commerce",FinTech,Free,2026-05-31,62,Active,6,"2026-07-05 10:10:09"
372,"Rohit Yadav",ryadav@example.com,"TechNova Solutions",FinTech,Free,2026-05-26,59,Active,6,"2026-07-05 02:19:33"
373,"Rahul Verma",rv_verma@example.com,"DataBridge Analytics",FinTech,Free,2026-05-18,57,Active,6,"2026-06-28 01:32:42"
374,"Nandini Rao",nrao@example.com,RetailGenius,FinTech,Free,2026-06-03,61,Active,6,"2026-07-02 19:46:44"
375,"Nisha Nair",nnair@example.com,"LearnSphere EdTech",FinTech,Free,2026-05-24,59,Active,6,"2026-07-02 10:38:07"
376,"Lakshmi Johnson",ljohnson@example.com,"BrightMinds Education",FinTech,Free,2026-06-05,63,Active,6,"2026-07-05 14:00:00"
377,"Aditya Yadav",adyadav@example.com,"HealConnect Medical",FinTech,Free,2026-05-25,58,Active,6,"2026-07-04 09:33:30"
378,"John Kaur",jkaur@example.com,"PaySwift FinTech",FinTech,Free,2026-05-29,60,Active,6,"2026-07-03 23:43:54"
379,"Priya Kumar",priya.kumar@example.com,"CloudMind Systems",EdTech,Premium,2026-06-05,60,Active,6,"2026-06-17 15:50:33"
380,"Anjali Yadav",anjali.yadav@example.com,"CloudMind Systems",EdTech,Premium,2026-06-05,58,Active,6,"2026-06-26 04:18:48"
381,"Kavya Chopra",kavya.chopra@example.com,"CloudMind Systems",EdTech,Premium,2026-06-05,59,Active,6,"2026-07-04 08:42:57"
382,"Manav Nair",manav.nair@example.com,"CloudMind Systems",EdTech,Premium,2026-06-05,57,Active,6,"2026-07-05 04:27:44"
383,"Meera Verma",meera.verma@example.com,"CloudMind Systems",EdTech,Premium,2026-06-05,62,Active,7,"2026-06-26 07:20:23"
384,"Ashley Mishra",ashley.mishra.0.383.1@example.com,"CloudMind Systems",EdTech,Premium,2026-06-05,56,Active,6,"2026-07-05 14:46:57"
385,"Amanda Bhatia",amanda.bhatia@example.com,"CloudMind Systems",EdTech,Premium,2026-06-05,56,Active,6,"2026-07-01 13:48:27"
386,"Pooja Mukherjee",pooya.mukherjee@example.com,"CloudMind Systems",EdTech,Premium,2026-06-05,56,Active,6,"2026-07-03 08:56:09"
387,"Kavya Johnson",kavya.johnson@example.com,"CloudMind Systems",EdTech,Premium,2026-06-05,56,Active,6,"2026-07-01 15:24:41"
388,"Nandini Patel",nandini.patel@example.com,"CloudMind Systems",EdTech,Premium,2026-06-05,56,Active,6,"2026-07-03 09:37:21"
389,"Jessica Davis",jessica.davis@example.com,"CloudMind Systems",EdTech,Premium,2026-06-05,58,Active,6,"2026-06-18 23:28:55"
390,"Sanjay Singh",sanjay.singh@example.com,"CloudMind Systems",EdTech,Premium,2026-06-05,59,Active,6.5,"2026-07-05 14:22:27"
391,"Robert Mehta",robert.mehta@example.com,"CloudMind Systems",EdTech,Premium,2026-06-05,57,Active,6,"2026-06-28 20:09:39"
392,"Ishaan Mukherjee",ishaan.mukherjee@example.com,"CloudMind Systems",EdTech,Premium,2026-06-05,56,Active,6,"2026-07-04 10:23:23"
393,"Deepak Reddy",deepak.reddy@example.com,"CloudMind Systems",EdTech,Premium,2026-06-05,56,Active,6,"2026-07-04 10:18:16"
394,"Kavya Chopra",kavya.chopra.0.393.1@example.com,"CloudMind Systems",EdTech,Premium,2026-06-05,56,Active,6,"2026-07-05 14:42:45"
395,"Sanjay Mehta",sanjay@example.com,"CloudMind Systems","AI/ML SaaS",Free,2026-06-05,60,Active,6,"2026-07-03 22:08:43"
396,"Nikhil Williams",nikhil.williams.26.1@cloudmindsystems.com,"CloudMind Systems","AI/ML SaaS",Free,2025-09-26,61.1,Inactive,6.9,"2026-05-26 00:37:55"
397,"Karan Srivastava",karan.srivastava.26.2@brightmindseducation.com,"BrightMinds Education","AI/ML SaaS",Free,2025-12-31,94.9,Active,6.2,"2026-06-10 15:54:20"
398,"Sneha Gupta",sneha.gupta.26.3@cloudmindsystems.com,"CloudMind Systems","AI/ML SaaS",Free,2026-03-02,87.7,Active,8.2,"2026-07-03 18:14:19"
399,"Pranav Johnson",pranav.johnson.26.4@learnsphereedtech.com,"LearnSphere EdTech","AI/ML SaaS",Free,2026-04-03,94.9,Active,9.7,"2026-07-03 03:02:02"
400,"Sarah Ghosh",sarah.ghosh.26.5@brightmindseducation.com,"BrightMinds Education","AI/ML SaaS",Free,2025-12-18,70,Active,9.4,"2026-04-22 12:19:46"
401,"Vikram Saxena",vikram.saxena.26.6@meditrackhealth.com,"MediTrack Health","AI/ML SaaS",Free,2026-03-17,97,Active,9.3,"2026-06-18 07:43:04"
402,"Sachin Agarwal",sachin.agarwal.26.7@shopvaultcommerce.com,"ShopVault Commerce","AI/ML SaaS",Free,2026-02-01,78.6,Active,7.5,"2026-06-26 12:42:45"
403,"Tanvi Malhotra",tanvi.malhotra.26.8@technovasolutions.com,"TechNova Solutions","AI/ML SaaS",Free,2025-11-24,49.3,Inactive,3.5,"2026-07-04 16:39:51"
404,"Deepak Nair",deepak.nair.26.9@databridgeanalytics.com,"DataBridge Analytics","AI/ML SaaS",Free,2025-12-08,76.6,Active,8.5,"2026-07-04 08:17:31"
405,"Aarav Pillai",aarav.pillai.26.10@healconnectmedical.com,"HealConnect Medical","AI/ML SaaS",Free,2025-10-06,98,Active,8.5,"2026-06-25 17:27:28"
406,"Nandini Rao",nandini.rao.26.11@cloudmindsystems.com,"CloudMind Systems","AI/ML SaaS",Free,2025-07-15,95,Active,9.4,"2026-06-26 09:29:55"
407,"Chirag Smith",chirag.smith.26.12@learnsphereedtech.com,"LearnSphere EdTech","AI/ML SaaS",Free,2025-12-11,75.1,Active,8.7,"2026-06-10 06:35:07"
408,"Sarah Reddy",sarah.reddy.26.13@marketpulseai.com,"MarketPulse AI","AI/ML SaaS",Free,2025-11-22,23.9,Churned,2.2,"2026-07-03 02:46:03"
409,"Pranav Johnson",pranav.johnson.26.14@biosynchealthcare.com,"BioSync Healthcare","AI/ML SaaS",Free,2025-10-04,80.5,Active,8.2,"2026-06-16 01:20:19"
410,"Harini Gupta",harini.gupta.26.15@algotradefinance.com,"AlgoTrade Finance","AI/ML SaaS",Free,2025-11-13,95.1,Active,9.3,"2026-06-30 01:52:11"
411,"Sanjay Sharma",sanjay.sharma.26.16@neuralpathai.com,"NeuralPath AI","AI/ML SaaS",Free,2026-03-28,73.2,Active,8.5,"2026-06-13 05:49:00"
412,"Aarav Bhatia",aarav.bhatia.26.17@brightmindseducation.com,"BrightMinds Education","AI/ML SaaS",Free,2025-09-27,72,Active,9.6,"2026-07-02 06:03:18"
413,"Pooja Garcia",pooja.garcia.26.18@biosynchealthcare.com,"BioSync Healthcare","AI/ML SaaS",Free,2025-12-09,86.9,Active,8.2,"2026-06-14 00:13:54"
414,"James Mishra",james.mishra.26.19@cartflowretail.com,"CartFlow Retail","AI/ML SaaS",Free,2026-05-21,44.9,Inactive,5,"2026-06-29 04:48:56"
415,"Arjun Garcia",arjungarcia@example.com,"CuraHealth Systems",Healthcare,Free,2025-07-05,60,Active,6,"2026-04-10 03:38:27"
416,"Rohit Chopra",rohitchopra@example.com,"MarketPulse AI",Healthcare,Free,2025-07-05,58,Active,6,"2026-06-03 10:34:12"
417,"Lakshmi Deshpande",lakshmideshpande@example.com,"TechNova Solutions",Healthcare,Free,2025-07-05,59,Active,6,"2026-06-04 20:37:06"
418,"Aditya Deshpande",adityadeshpande@example.com,"MarketPulse AI",Healthcare,Free,2025-07-05,62,Active,6,"2026-06-26 23:45:47"
419,"Kavya Bhatia",kavyabhatia@example.com,"BrightMinds Education",Healthcare,Free,2025-07-05,61,Active,6,"2026-06-15 18:28:32"
420,"Aditya Bhatia",adityabhatia@example.com,"BrightMinds Education",Healthcare,Free,2025-07-05,63,Active,6,"2026-06-13 17:35:48"
421,"Sarah Saxena",sarahsaxena@example.com,"MediTrack Health",Healthcare,Free,2025-07-05,64,Active,6,"2026-07-03 08:03:13"
422,"Meera Nair",meeranair@example.com,"CartFlow Retail",Healthcare,Free,2025-07-05,65,Active,6,"2026-06-03 22:56:41"
423,"Divya Kumar",divyakumar@example.com,"PaySwift FinTech",Healthcare,Free,2025-07-05,67,Active,6,"2026-06-20 21:52:01"
424,"Priya Deshpande",priyadeshpande@example.com,"MediTrack Health",Healthcare,Free,2025-07-05,68,Active,6,"2026-05-15 22:50:39"
425,"Ananya Khan",ananya.khan.0.424.1@example.com,"BrightMinds Education","AI/ML SaaS",Free,2026-06-05,60,Active,6,"2026-07-03 17:41:17"
426,"Deepak Garcia",deepak.garcia@example.com,"CloudMind Systems","AI/ML SaaS",Free,2026-06-05,70,Active,6,"2026-07-04 05:26:17"
427,"Farhan Joshi",farhan.joshi@example.com,RetailGenius,"AI/ML SaaS",Free,2026-06-05,58,Active,6,"2026-07-04 05:37:46"
428,"Anjali Bhatia",anjali.bhatia@example.com,"LearnSphere EdTech","AI/ML SaaS",Free,2026-06-05,62,Active,6,"2026-07-03 09:01:10"
429,"Zara Yadav",zara.yadav@example.com,"FinEdge Capital","AI/ML SaaS",Free,2026-06-05,59,Active,6,"2026-07-02 13:30:26"
430,"Amanda Smith",amanda.smith@example.com,"SecureVault FinTech","AI/ML SaaS",Free,2026-06-05,65,Active,7,"2026-07-05 07:59:12"
431,"Sneha Das",sneha.das@example.com,"CloudMind Systems","AI/ML SaaS",Free,2026-06-05,75,Active,8,"2026-06-29 14:03:14"
432,"Rajesh Patel",rajesh.patel@example.com,RetailGenius,"AI/ML SaaS",Free,2026-06-05,57,Active,6,"2026-07-05 06:01:26"
433,"Karan Das",karan.das@example.com,"LearnSphere EdTech","AI/ML SaaS",Free,2026-06-05,63,Active,6,"2026-07-04 11:06:39"
434,"Akash Chakraborty",akash.chakraborty.0.433.1@example.com,"FinEdge Capital","AI/ML SaaS",Free,2026-06-05,58,Active,6,"2026-07-02 23:30:38"
435,"Jessica Saxena",jessica.saxena@example.com,RetailGenius,"AI/ML SaaS",Free,2026-06-05,61,Active,6,"2026-07-01 22:48:53"
436,"Vishal Gupta",vishal.gupta@example.com,"EduPeak Learning",FinTech,Premium,2026-06-05,60,Active,6,"2026-06-29 08:31:22"
437,"Ananya Mukherjee",ananya.mukherjee@example.com,"SkillForge Academy",FinTech,Premium,2026-05-21,62,Active,6,"2026-07-04 02:32:24"
438,"Yash Ghosh",yash.ghosh@example.com,"NeuralPath AI",FinTech,Premium,2026-06-05,65,Active,6,"2026-07-04 19:17:35"
439,"Anjali Das",anjalidas@example.com,"MarketPulse AI",FinTech,Premium,2026-05-31,68,Active,6,"2026-06-30 15:01:35"
440,"Sarah Das",sarah.das@example.com,"TechNova Solutions",FinTech,Premium,2026-05-24,70,Active,6,"2026-07-03 05:30:39"
441,"Ishaan Garcia",ishaangarcia@example.com,"FinEdge Capital",FinTech,Premium,2026-05-28,72,Active,6,"2026-07-02 16:49:33"
442,"Sanjay Mukherjee",sanjaymukherjee@example.com,"CloudMind Systems",FinTech,Premium,2026-05-25,75,Active,6,"2026-07-02 15:10:56"
443,"Farhan Bhatia",farhancb@example.com,"AlgoTrade Finance",FinTech,Premium,2026-05-26,78,Active,6,"2026-07-05 06:10:34"
444,"Zara Mukherjee",zaramukherjee@example.com,"FinEdge Capital",FinTech,Premium,2026-05-23,80,Active,6.1,"2026-07-01 21:46:27"
445,"Ananya Miller",ananyamiller@example.com,"FinEdge Capital",FinTech,Premium,2026-05-21,82,Active,6.3,"2026-06-25 08:44:43"
446,"Ananya Rao",ananyarao@example.com,"FinEdge Capital",FinTech,Premium,2026-05-19,84,Active,6.5,"2026-07-04 19:10:27"
447,"Michael Williams",michaelwilliams@example.com,"FinEdge Capital",FinTech,Premium,2026-05-17,86,Active,6.7,"2026-06-30 08:52:35"
448,"Gaurav Bhatia",gaurabhatia@example.com,"FinEdge Capital",FinTech,Premium,2026-05-15,88,Active,6.9,"2026-07-04 11:43:03"
449,"Vikram Das",vikramdas@example.com,"FinEdge Capital",FinTech,Premium,2026-05-13,90,Active,7.1,"2026-07-05 08:20:41"
450,"Chirag Das",chiragdas@example.com,"FinEdge Capital",FinTech,Premium,2026-05-11,92,Active,7.3,"2026-07-01 20:28:41"
451,"Ishaan Garcia",ishaangarcia.0.450.1@example.com,"FinEdge Capital",FinTech,Premium,2026-05-09,94,Active,7.5,"2026-07-05 11:22:32"
452,"Zara Singh",zara.singh@example.com,"CuraHealth Systems",EdTech,Free,2026-06-05,60,Active,6,"2026-06-26 19:33:53"
453,"Meera Patel",meera.patel@example.com,"DataBridge Analytics",EdTech,Free,2026-05-21,58,Active,6,"2026-07-05 04:50:29"
454,"Rahul Kumar",rahul.kumar@example.com,"MediTrack Health",EdTech,Free,2026-06-05,59,Active,6,"2026-07-03 11:49:08"
455,"Zara Gupta",zara.gupta@example.com,"DataBridge Analytics",EdTech,Free,2026-05-31,57,Active,6,"2026-06-29 03:05:21"
456,"Ishaan Gupta",ishaan.gupta@example.com,"CartFlow Retail",EdTech,Free,2026-05-26,56,Active,6,"2026-07-05 09:16:03"
457,"Manav Singh",manav.singh@example.com,"CuraHealth Systems",EdTech,Free,2026-06-03,56,Active,6,"2026-06-21 13:20:48"
458,"Aarav Miller",aarav.miller@example.com,"SecureVault FinTech",EdTech,Free,2026-06-05,56,Active,6,"2026-07-01 19:04:00"
459,"Riya Das",riya.das@example.com,"LearnSphere EdTech",EdTech,Free,2026-06-04,56,Active,6,"2026-06-26 23:02:28"
460,"Nandini Patel",nandini.patel.0.459.1@example.com,"MediTrack Health",EdTech,Free,2026-06-05,56,Active,6,"2026-07-05 04:17:50"
461,"Farhan Chopra",farhan.chopra@example.com,"EduPeak Learning",EdTech,Free,2026-05-30,56,Active,6,"2026-07-02 00:04:36"
462,"Amanda Mehta",amanda.mehta@learnsphere.com,"LearnSphere EdTech",EdTech,Premium,2026-04-06,60,Active,6,"2026-07-04 12:21:50"
463,"Priya Rao",priya.rao@learnsphere.com,"LearnSphere EdTech",EdTech,Premium,2026-04-16,62,Active,6,"2026-06-29 07:50:07"
464,"Meera Khan",meera.khan@skillforgeacademy.com,"SkillForge Academy",EdTech,Premium,2026-04-26,65,Active,6,"2026-06-11 19:51:18"
465,"John Joshi",john.joshi@curahealthsystems.com,"CuraHealth Systems",Healthcare,Premium,2026-05-06,68,Active,6,"2026-07-05 05:34:30"
466,"Sarah Reddy",sarah.reddy@algo-trade-finance.com,"AlgoTrade Finance",EdTech,Premium,2026-05-16,62,Active,6,"2026-07-03 18:38:58"
467,"Emily Garcia",emily.garcia@cart-flow-retail.com,"CartFlow Retail",EdTech,Premium,2026-05-26,65,Active,6,"2026-07-03 09:30:16"
468,"Pranav Agarwal",pranav.agarwal@databridge-analytics.com,"DataBridge Analytics",EdTech,Premium,2026-06-05,68,Active,6,"2026-07-03 03:15:06"
469,"Vikram Pillai",vikram.pillai@databridge-analytics.com,"DataBridge Analytics",EdTech,Premium,2026-06-05,70,Active,6,"2026-06-28 21:54:19"
470,"Ashley Williams",ashley.williams@fin-edge-capital.com,"FinEdge Capital",EdTech,Premium,2026-06-05,65,Active,6,"2026-07-05 07:14:43"
471,"Aryan Rao",aryan.rao@edupeak-learning.com,"EduPeak Learning",EdTech,Premium,2026-06-05,63,Active,6,"2026-07-04 03:15:55"
472,"Rajesh Nair",rajesh.nair@heal-connect-medical.com,"HealConnect Medical",Healthcare,Premium,2026-05-31,67,Active,6,"2026-07-04 08:31:55"
473,"Nikhil Iyer",nikhil.iyer@meditrack-health.com,"MediTrack Health",Healthcare,Premium,2026-06-05,64,Active,6,"2026-06-26 14:06:23"
474,"Arjun Yadav",arjun.yadav@fin-edge-capital.com,"FinEdge Capital",EdTech,Premium,2026-06-03,62,Active,6,"2026-07-03 05:49:44"
475,"Rohit Yadav",rohit.yadav@algo-trade-finance.com,"AlgoTrade Finance",EdTech,Premium,2026-06-05,65,Active,6,"2026-07-03 18:06:04"
476,"Priya Mehta",priyamehta@healconnectmedical.com,"HealConnect Medical","AI/ML SaaS",Free,2026-06-05,60,Active,6,"2026-07-05 02:40:54"
477,"Aryan Mishra",aryan.mishra.32.1@learnsphereedtech.com,"LearnSphere EdTech","AI/ML SaaS",Free,2026-01-24,98,Active,6.7,"2026-07-01 14:18:40"
478,"Rajesh Rao",rajesh.rao.32.2@biosynchealthcare.com,"BioSync Healthcare","AI/ML SaaS",Free,2025-10-05,65.5,Active,7.6,"2026-06-24 22:09:02"
479,"Ashley Mehta",ashley.mehta.32.3@databridgeanalytics.com,"DataBridge Analytics","AI/ML SaaS",Free,2026-02-25,37.4,Churned,3.4,"2026-05-05 22:30:39"
480,"Lakshmi Agarwal",lakshmi.agarwal.32.4@edupeaklearning.com,"EduPeak Learning","AI/ML SaaS",Free,2026-04-10,69.8,Active,9.1,"2026-06-28 23:18:23"
481,"Aryan Brown",aryan.brown.32.5@databridgeanalytics.com,"DataBridge Analytics","AI/ML SaaS",Free,2025-10-01,64.6,Active,7.4,"2026-07-03 11:27:46"
482,"Ashley Singh",ashley.singh.32.6@databridgeanalytics.com,"DataBridge Analytics","AI/ML SaaS",Free,2026-05-26,96,Active,9,"2026-06-25 00:40:12"
483,"Arjun Smith",arjun.smith.32.7@technovasolutions.com,"TechNova Solutions","AI/ML SaaS",Free,2026-05-07,36,Churned,3,"2026-07-05 05:58:15"
484,"Kavya Kaur",kavya.kaur.32.8@marketpulseai.com,"MarketPulse AI","AI/ML SaaS",Free,2026-05-27,80.6,Active,9.5,"2026-07-03 11:24:09"
485,"Ananya Das",ananya.das.32.9@shopvaultcommerce.com,"ShopVault Commerce","AI/ML SaaS",Free,2025-07-25,95.1,Active,9.5,"2026-06-01 09:10:08"
486,"Meera Brown",meera.brown.32.10@cloudmindsystems.com,"CloudMind Systems","AI/ML SaaS",Free,2026-01-08,78.2,Active,10,"2026-06-15 07:13:02"
487,"Sneha Das",sneha.das.32.11@marketpulseai.com,"MarketPulse AI","AI/ML SaaS",Free,2026-01-25,91.6,Active,9.3,"2026-06-16 07:43:11"
488,"Lakshmi Gupta",lakshmi.gupta.32.12@neuralpathai.com,"NeuralPath AI","AI/ML SaaS",Free,2026-02-15,96.7,Active,6,"2026-07-02 18:53:28"
489,"Nikhil Kumar",nikhil.kumar.32.13@algotradefinance.com,"AlgoTrade Finance","AI/ML SaaS",Free,2026-03-31,46.6,Inactive,6.2,"2026-06-29 12:08:08"
490,"Sneha Williams",sneha.williams.32.14@finedgecapital.com,"FinEdge Capital","AI/ML SaaS",Free,2026-01-21,89.3,Active,8.6,"2026-07-05 08:37:25"
491,"Sanjay Smith",sanjay.smith.32.15@brightmindseducation.com,"BrightMinds Education","AI/ML SaaS",Free,2026-01-06,40,Inactive,6.6,"2026-06-01 18:44:24"
492,"Emily Gupta",emily.gupta.32.16@securevaultfintech.com,"SecureVault FinTech","AI/ML SaaS",Free,2026-02-04,40.1,Churned,0.2,"2026-06-23 12:50:44"
493,"Gaurav Chopra",gaurav.chopra.32.17@meditrackhealth.com,"MediTrack Health","AI/ML SaaS",Free,2025-11-26,63.7,Inactive,6.8,"2026-05-20 08:00:16"
494,"Tanvi Bhatia",tanvi.bhatia@example.com,RetailGenius,"AI/ML SaaS",Free,2026-06-05,60,Active,6,"2026-07-04 11:17:43"
495,"Ananya Kumar",ananya.kumar@example.com,"TechNova Solutions","AI/ML SaaS",Free,2026-05-21,70,Active,6,"2026-07-04 12:07:17"
496,"Sachin Singh",sachin.singh@example.com,"CloudMind Systems","AI/ML SaaS",Free,2026-06-05,58,Active,6,"2026-07-03 20:03:29"
497,"Ananya Nair",ananya.nair.0.496.1@example.com,"MediTrack Health","AI/ML SaaS",Free,2026-05-31,65,Active,6,"2026-06-22 02:15:29"
498,"Manav Davis",manav.davis@example.com,RetailGenius,"AI/ML SaaS",Free,2026-05-26,62,Active,6,"2026-06-30 15:17:46"
499,"Bhavna Chakraborty",bhavna.chakraborty@example.com,"SecureVault FinTech","AI/ML SaaS",Free,2026-06-05,59,Active,6,"2026-07-05 02:10:57"
500,"Emily Davis",emily.davis.0.499.1@example.com,RetailGenius,"AI/ML SaaS",Free,2026-06-03,61,Active,6,"2026-07-04 03:47:54"
